,0
0,"[[-3.64793763e+00 -4.23648168e+00 -4.95421832e+00 ...  1.35446677e-03
   1.35446677e-03  1.35446677e-03]
 [-3.58186632e+00 -4.27938829e+00 -5.02084864e+00 ... -8.87424125e-04
  -8.87424125e-04 -8.87424125e-04]
 [-4.08124663e+00 -4.76621934e+00 -5.78345493e+00 ...  4.75066606e-04
   4.75066606e-04  4.75066606e-04]
 ...
 [ 2.82213640e+00  5.31172705e+00  8.36727827e+00 ...  2.82381323e-04
   2.82381323e-04  2.82381323e-04]
 [ 1.29154198e+00  9.73218582e-01  5.79025363e-01 ...  1.05613794e-04
   1.05613794e-04  1.05613794e-04]
 [ 5.41307623e-03  1.98814371e-03 -3.12957156e-03 ...  6.66933700e-06
   6.66933700e-06  6.66933700e-06]]"
1,"[[ 4.47604913e+00  1.20802117e+00 -2.54600773e+00 ... -4.13607233e-04
  -4.13607233e-04 -4.13607233e-04]
 [-2.74030294e+00 -3.30875398e+00 -3.70825978e+00 ... -1.40245823e-03
  -1.40245823e-03 -1.40245823e-03]
 [-2.50173872e+00 -4.41783471e+00 -6.41085425e+00 ...  2.52872511e-05
   2.52872511e-05  2.52872511e-05]
 ...
 [ 8.48305957e-01  4.52614272e-01 -1.03927692e-01 ... -9.83513695e-04
  -9.83513695e-04 -9.83513695e-04]
 [ 9.30096361e-02 -2.64323612e-01 -4.21048721e-01 ...  2.28371710e-04
   2.28371710e-04  2.28371710e-04]
 [-8.46279094e-03 -8.37301808e-03 -8.47401254e-03 ...  9.52217899e-06
   9.52217899e-06  9.52217899e-06]]"
2,"[[-6.34791221e+00 -5.88470922e+00 -5.16095454e+00 ...  1.39021195e-03
   1.39021195e-03  1.39021195e-03]
 [-6.71995401e+00 -6.25268698e+00 -5.50295629e+00 ...  5.77824979e-04
   5.77824979e-04  5.77824979e-04]
 [-5.61789152e+00 -5.75924681e+00 -5.68246122e+00 ...  1.41752346e-03
   1.41752346e-03  1.41752346e-03]
 ...
 [-6.41279333e+00 -6.48198043e+00 -6.30901266e+00 ...  1.84008240e-03
   1.84008240e-03  1.84008240e-03]
 [-1.00836209e+00 -2.29777185e-01  6.36070228e-01 ... -1.83595331e-04
  -1.83595331e-04 -1.83595331e-04]
 [-2.02276853e-02 -2.26275667e-02 -2.75957421e-02 ...  2.89338521e-06
   2.89338521e-06  2.89338521e-06]]"
3,"[[ 1.39903372e+01  1.28766628e+01  1.18850607e+01 ...  8.59420462e-04
   8.59420462e-04  8.59420462e-04]
 [ 1.05503358e+01  1.02756766e+01  9.23910937e+00 ...  5.87960632e-06
   5.87960632e-06  5.87960632e-06]
 [ 1.41455793e+01  1.29044698e+01  1.14023545e+01 ... -2.27689631e-04
  -2.27689631e-04 -2.27689631e-04]
 ...
 [ 1.13915761e+01  1.23326366e+01  1.34040606e+01 ...  1.07698024e-03
   1.07698024e-03  1.07698024e-03]
 [ 8.58786450e-01  1.83294936e+00  2.44896413e+00 ...  6.63537804e-04
   6.63537804e-04  6.63537804e-04]
 [-8.47839032e-02 -8.34712210e-02 -8.07379648e-02 ... -1.69976349e-05
  -1.69976349e-05 -1.69976349e-05]]"
4,"[[-1.48981680e+00 -3.51847047e+00 -5.22801008e+00 ...  7.28694591e-05
   7.28694591e-05  7.28694591e-05]
 [-8.00674385e+00 -9.60158086e+00 -1.13615790e+01 ...  3.57017472e-03
   3.57017472e-03  3.57017472e-03]
 [-7.36709384e+00 -7.45359428e+00 -7.56480913e+00 ...  2.72423896e-04
   2.72423896e-04  2.72423896e-04]
 ...
 [ 1.35901900e+00  8.50000261e-01  2.07029220e-01 ...  1.63569238e-03
   1.63569238e-03  1.63569238e-03]
 [-5.47050795e-01 -1.75832133e+00 -3.04359886e+00 ... -4.85336385e-04
  -4.85336385e-04 -4.85336385e-04]
 [ 1.09457602e-02  1.18613143e-02  1.26062682e-02 ... -1.08192569e-06
  -1.08192569e-06 -1.08192569e-06]]"
5,"[[ 3.52582043e+00  2.57739965e+00  9.58405294e-01 ... -7.01921569e-04
  -7.01921569e-04 -7.01921569e-04]
 [ 7.14553284e-01  1.41600129e+00  1.89893538e+00 ...  2.51522087e-04
   2.51522087e-04  2.51522087e-04]
 [ 7.21272627e+00  8.34814279e+00  9.85642967e+00 ...  4.79728389e-05
   4.79728389e-05  4.79728389e-05]
 ...
 [ 9.27472631e-01  1.52046066e+00  2.53918368e+00 ...  1.24560357e-03
   1.24560357e-03  1.24560357e-03]
 [-5.65527115e-01 -3.76594115e-01 -1.57228953e-01 ...  1.27188586e-03
   1.27188586e-03  1.27188586e-03]
 [-4.16491165e-02 -3.55725453e-02 -3.29079526e-02 ...  9.51604486e-06
   9.51604486e-06  9.51604486e-06]]"
6,"[[ 5.88730490e+00  4.21140718e+00  2.13205259e+00 ...  9.72769970e-04
   9.72769970e-04  9.72769970e-04]
 [ 4.62250562e+00  3.45063266e+00  1.88863172e+00 ...  5.31450217e-04
   5.31450217e-04  5.31450217e-04]
 [ 3.46950516e+00  1.68732456e+00 -5.75345921e-01 ... -2.14107881e-04
  -2.14107881e-04 -2.14107881e-04]
 ...
 [ 3.88531648e+00  3.20679261e+00  2.92713075e+00 ... -1.49593042e-04
  -1.49593042e-04 -1.49593042e-04]
 [ 2.92565616e-01 -4.50582624e-01 -1.15796904e+00 ... -5.06929274e-04
  -5.06929274e-04 -5.06929274e-04]
 [ 4.96839355e-03  4.22398485e-03  3.28501479e-03 ...  2.84916457e-06
   2.84916457e-06  2.84916457e-06]]"
7,"[[ 5.03567853e+00  3.35624181e+00  9.28292089e-01 ... -1.15627375e-04
  -1.15627375e-04 -1.15627375e-04]
 [ 8.70609396e-01 -8.66255552e-01 -3.21896181e+00 ... -2.28708171e-04
  -2.28708171e-04 -2.28708171e-04]
 [ 2.30078720e+00  1.97819668e+00  1.20950956e+00 ...  2.55970092e-04
   2.55970092e-04  2.55970092e-04]
 ...
 [ 8.76881017e-01  2.58991288e+00  4.71945498e+00 ... -9.94412451e-04
  -9.94412451e-04 -9.94412451e-04]
 [ 8.74496959e+00  7.46533384e+00  5.60197800e+00 ... -2.18792401e-04
  -2.18792401e-04 -2.18792401e-04]
 [-4.71603992e-03 -5.97894163e-03 -8.27435084e-03 ...  2.77528038e-06
   2.77528038e-06  2.77528038e-06]]"
8,"[[-6.64544105e+00 -6.43540201e+00 -6.27670584e+00 ... -1.20598138e-03
  -1.20598138e-03 -1.20598138e-03]
 [ 2.83235647e+00  2.56458941e+00  1.95995412e+00 ...  2.08745098e-03
   2.08745098e-03  2.08745098e-03]
 [-7.09694927e+00 -6.39833975e+00 -5.73452687e+00 ...  1.56587579e-03
   1.56587579e-03  1.56587579e-03]
 ...
 [-5.28304035e+00 -5.11716734e+00 -5.11716734e+00 ... -2.24691051e-03
  -2.24691051e-03 -2.24691051e-03]
 [ 2.65147138e+00  2.54160260e+00  2.46085566e+00 ... -1.26410163e-03
  -1.26410163e-03 -1.26410163e-03]
 [ 3.36239619e-03 -1.09339974e-03 -5.48898221e-03 ... -9.55748837e-06
  -9.55748837e-06 -9.55748837e-06]]"
9,"[[ 1.17236397e+00  1.75283158e+00  2.44939272e+00 ... -1.80609751e-04
  -1.80609751e-04 -1.80609751e-04]
 [-1.24672853e+01 -1.00225420e+01 -7.04271398e+00 ... -9.97384909e-04
  -9.97384909e-04 -9.97384909e-04]
 [-2.73591092e+00 -2.76902847e+00 -3.30442893e+00 ... -9.52946365e-04
  -9.52946365e-04 -9.52946365e-04]
 ...
 [ 5.62284419e+00  5.50516173e+00  4.69016681e+00 ...  4.33119707e-04
   4.33119707e-04  4.33119707e-04]
 [ 4.02875705e+00  4.20446869e+00  4.62464869e+00 ... -1.09365988e-04
  -1.09365988e-04 -1.09365988e-04]
 [ 3.48268482e-04 -3.57309987e-03 -6.59461738e-03 ... -6.71854734e-06
  -6.71854734e-06 -6.71854734e-06]]"
10,"[[ 4.66208804e+00  1.99053171e+00 -7.57178390e-01 ...  2.42821088e-04
   2.42821088e-04  2.42821088e-04]
 [-2.12340327e+00 -2.28092272e+00 -2.67967824e+00 ... -7.46094148e-04
  -7.46094148e-04 -7.46094148e-04]
 [ 1.39791226e+00 -8.27701854e-01 -3.31751518e+00 ... -1.28673594e-03
  -1.28673594e-03 -1.28673594e-03]
 ...
 [-1.88988186e+00 -3.50098878e+00 -5.59906185e+00 ...  2.26025544e-03
   2.26025544e-03  2.26025544e-03]
 [-1.39987320e+00 -6.09325821e-01  2.37502255e-01 ... -5.46166171e-05
  -5.46166171e-05 -5.46166171e-05]
 [-1.34035428e-03  1.70887108e-03  5.88069682e-03 ...  9.80022889e-06
   9.80022889e-06  9.80022889e-06]]"
11,"[[-2.14568925e+01 -2.19069474e+01 -2.27132069e+01 ... -1.43150164e-03
  -1.43150164e-03 -1.43150164e-03]
 [ 1.26734330e+00  1.46513089e+00  1.84290520e+00 ...  1.50269169e-03
   1.50269169e-03  1.50269169e-03]
 [ 3.85006635e+00  4.60344586e+00  5.20225027e+00 ... -3.85269551e-04
  -3.85269551e-04 -3.85269551e-04]
 ...
 [ 1.56411478e+00  1.39643583e+00  1.33582898e+00 ...  4.58090791e-04
   4.58090791e-04  4.58090791e-04]
 [-1.68109907e+00 -2.43600820e+00 -3.29320855e+00 ...  5.68437171e-04
   5.68437171e-04  5.68437171e-04]
 [-2.76097118e-02 -2.86977484e-02 -3.01182406e-02 ...  1.43291371e-05
   1.43291371e-05  1.43291371e-05]]"
12,"[[ 3.81108126e+00  3.68771689e+00  3.48961353e+00 ... -6.07511254e-04
  -6.07511254e-04 -6.07511254e-04]
 [-2.03280289e+00 -3.08908667e-01  2.17898413e+00 ... -6.97276265e-04
  -6.97276265e-04 -6.97276265e-04]
 [ 1.08317745e+01  1.12303320e+01  1.14803588e+01 ...  1.70363165e-04
   1.70363165e-04  1.70363165e-04]
 ...
 [-8.14854554e+00 -7.61423348e+00 -7.07281080e+00 ... -7.94523842e-04
  -7.94523842e-04 -7.94523842e-04]
 [ 4.84862619e-01  8.14045985e-01  1.39893945e+00 ...  6.33310140e-04
   6.33310140e-04  6.33310140e-04]
 [-3.08885642e-02 -3.47070823e-02 -3.74464539e-02 ... -8.37509728e-06
  -8.37509728e-06 -8.37509728e-06]]"
13,"[[ 7.31129375e+00  8.70549272e+00  1.04335140e+01 ... -6.89109636e-05
  -6.89109636e-05 -6.89109636e-05]
 [ 4.43618009e+00  4.34247350e+00  4.75096148e+00 ...  1.27954223e-04
   1.27954223e-04  1.27954223e-04]
 [ 4.89954844e+00  5.54391585e+00  6.39330926e+00 ...  6.20444800e-04
   6.20444800e-04  6.20444800e-04]
 ...
 [-1.30398386e+01 -1.16644905e+01 -9.74701193e+00 ... -2.14201572e-04
  -2.14201572e-04 -2.14201572e-04]
 [-4.42856884e+00 -3.58425286e+00 -2.82843634e+00 ...  1.30900130e-04
   1.30900130e-04  1.30900130e-04]
 [ 3.10194131e-02  3.26526495e-02  3.46420050e-02 ... -1.20774548e-05
  -1.20774548e-05 -1.20774548e-05]]"
14,"[[-4.55413988e+00 -2.34591468e+00  7.15164981e-01 ...  2.56176394e-04
   2.56176394e-04  2.56176394e-04]
 [-6.72736253e+00 -5.88844466e+00 -5.06168502e+00 ...  1.00192844e-03
   1.00192844e-03  1.00192844e-03]
 [-6.93520534e+00 -4.43167271e+00 -7.92489350e-01 ...  8.55306935e-04
   8.55306935e-04  8.55306935e-04]
 ...
 [-8.23347506e+00 -6.39092352e+00 -3.59964460e+00 ...  2.00560403e-03
   2.00560403e-03  2.00560403e-03]
 [-2.82469970e+00 -1.37040485e+00  5.42109803e-01 ...  4.62395361e-04
   4.62395361e-04  4.62395361e-04]
 [-1.29611422e-01 -1.54306650e-01 -1.73759669e-01 ... -8.84275578e-06
  -8.84275578e-06 -8.84275578e-06]]"
15,"[[ 8.26805762e+00  1.04793836e+01  1.23103020e+01 ...  1.63483024e-03
   1.63483024e-03  1.63483024e-03]
 [ 1.54119302e+01  1.86223021e+01  2.14652033e+01 ... -3.15088121e-04
  -3.15088121e-04 -3.15088121e-04]
 [ 9.94419553e+00  8.89397349e+00  7.26995117e+00 ... -9.77877775e-04
  -9.77877775e-04 -9.77877775e-04]
 ...
 [ 1.16065651e+01  9.53520739e+00  6.56754104e+00 ...  1.28713802e-03
   1.28713802e-03  1.28713802e-03]
 [-4.10422004e-01 -2.36280438e+00 -3.93106365e+00 ...  3.56034333e-04
   3.56034333e-04  3.56034333e-04]
 [ 2.09693944e-02  3.27756503e-02  4.37759165e-02 ... -1.26230259e-06
  -1.26230259e-06 -1.26230259e-06]]"
16,"[[ 3.06711272e+00  4.00157830e+00  4.48758384e+00 ...  8.97510033e-04
   8.97510033e-04  8.97510033e-04]
 [ 3.81475607e+00  4.22686773e+00  4.86780382e+00 ... -1.22855116e-04
  -1.22855116e-04 -1.22855116e-04]
 [ 4.32973858e+00  5.51450181e+00  6.63947326e+00 ... -7.37136492e-04
  -7.37136492e-04 -7.37136492e-04]
 ...
 [ 5.29469538e+00  6.85311110e+00  8.37485821e+00 ...  6.65506981e-04
   6.65506981e-04  6.65506981e-04]
 [-3.19573312e+00 -4.56622987e+00 -6.21037919e+00 ... -1.41279622e-04
  -1.41279622e-04 -1.41279622e-04]
 [-1.79181501e-02 -1.51614867e-02 -1.22106920e-02 ...  1.62218662e-07
   1.62218662e-07  1.62218662e-07]]"
17,"[[ 3.52039878e-01  7.00228133e-01  1.14048540e+00 ... -1.17032242e-03
  -1.17032242e-03 -1.17032242e-03]
 [ 3.40250800e+00  2.72538153e+00  1.86381871e+00 ...  1.08705882e-04
   1.08705882e-04  1.08705882e-04]
 [ 2.36590957e+00  2.40154673e+00  2.46448044e+00 ... -5.49447623e-04
  -5.49447623e-04 -5.49447623e-04]
 ...
 [ 6.03410709e-02  6.69190212e-01  1.40894966e+00 ... -7.90728618e-05
  -7.90728618e-05 -7.90728618e-05]
 [-4.24040066e+00 -4.52164619e+00 -4.86731495e+00 ...  4.49378195e-04
   4.49378195e-04  4.49378195e-04]
 [ 2.84649046e-02  3.04702792e-02  3.37403045e-02 ...  1.02651408e-05
   1.02651408e-05  1.02651408e-05]]"
18,"[[ 7.56106889e-01 -2.22714386e-01 -1.59596438e+00 ...  6.01875334e-04
   6.01875334e-04  6.01875334e-04]
 [-2.01046379e+00 -2.29315926e+00 -2.99058759e+00 ...  5.67416800e-04
   5.67416800e-04  5.67416800e-04]
 [-7.89371346e-01 -8.61161852e-01 -1.21831962e+00 ...  3.24217899e-04
   3.24217899e-04  3.24217899e-04]
 ...
 [ 5.89977935e-01  1.57887654e+00  2.63080385e+00 ...  9.85580224e-04
   9.85580224e-04  9.85580224e-04]
 [ 2.04744707e+00  1.26176592e+00  2.37315143e-01 ... -3.78947738e-04
  -3.78947738e-04 -3.78947738e-04]
 [ 5.09306778e-02  5.34914635e-02  5.75769917e-02 ...  8.18472572e-06
   8.18472572e-06  8.18472572e-06]]"
19,"[[ 2.30876367e+00  3.48036722e+00  4.68867514e+00 ... -6.75392996e-04
  -6.75392996e-04 -6.75392996e-04]
 [-5.01065546e+00 -4.27400220e+00 -3.36148808e+00 ...  2.47177844e-04
   2.47177844e-04  2.47177844e-04]
 [ 4.48635163e+00  4.96404938e+00  5.38715311e+00 ...  5.42261387e-04
   5.42261387e-04  5.42261387e-04]
 ...
 [ 1.41781820e+00  1.98969507e+00  2.72301087e+00 ...  4.39144732e-04
   4.39144732e-04  4.39144732e-04]
 [-1.11977021e+00 -9.28477151e-01 -7.50335493e-01 ... -3.07304189e-04
  -3.07304189e-04 -3.07304189e-04]
 [ 2.68389288e-03  2.06955001e-03  3.33663218e-03 ...  1.53410391e-05
   1.53410391e-05  1.53410391e-05]]"
20,"[[-2.99843473e+00 -2.43760994e+00 -1.86972186e+00 ... -7.76785077e-04
  -7.76785077e-04 -7.76785077e-04]
 [-4.25321845e+00 -3.18218402e+00 -1.96581090e+00 ... -3.84467079e-04
  -3.84467079e-04 -3.84467079e-04]
 [ 9.91570155e-02  1.17742503e+00  2.26534198e+00 ...  2.55474784e-04
   2.55474784e-04  2.55474784e-04]
 ...
 [-3.83529569e+00 -2.79538134e+00 -1.78678971e+00 ...  6.93598077e-04
   6.93598077e-04  6.93598077e-04]
 [ 3.62458601e+00  4.59686767e+00  5.52336321e+00 ... -5.97112383e-04
  -5.97112383e-04 -5.97112383e-04]
 [ 2.63159771e-02  2.62735129e-02  2.60753468e-02 ... -1.18141451e-05
  -1.18141451e-05 -1.18141451e-05]]"
21,"[[ 4.31974845e-01  4.19345198e-01  2.16007886e-01 ... -1.22203845e-03
  -1.22203845e-03 -1.22203845e-03]
 [-4.33827385e+00 -5.65121156e+00 -7.42648991e+00 ...  1.14302800e-03
   1.14302800e-03  1.14302800e-03]
 [-2.15884351e+00 -2.78427478e+00 -3.74781047e+00 ... -1.76772412e-04
  -1.76772412e-04 -1.76772412e-04]
 ...
 [ 3.95831173e-01  6.14699885e-01  9.54675950e-01 ...  4.08368048e-04
   4.08368048e-04  4.08368048e-04]
 [-9.67485992e-01 -1.10323120e+00 -1.11464902e+00 ...  4.91539178e-04
   4.91539178e-04  4.91539178e-04]
 [ 7.78155916e-02  8.33901093e-02  8.64384532e-02 ... -1.85351339e-06
  -1.85351339e-06 -1.85351339e-06]]"
22,"[[ 9.89305234e-01  1.77715713e+00  2.73555014e+00 ...  2.08837644e-03
   2.08837644e-03  2.08837644e-03]
 [ 4.42238789e+00  5.32280335e+00  6.29856738e+00 ... -5.73410849e-04
  -5.73410849e-04 -5.73410849e-04]
 [-1.87537833e+00 -1.76847141e+00 -1.60429292e+00 ...  5.83617456e-04
   5.83617456e-04  5.83617456e-04]
 ...
 [ 4.79406903e-01 -1.28642727e+00 -3.33274616e+00 ...  1.43897917e-04
   1.43897917e-04  1.43897917e-04]
 [ 1.68013016e+00  1.79290877e+00  1.91543368e+00 ...  9.81956207e-04
   9.81956207e-04  9.81956207e-04]
 [-1.48921082e-02 -1.39215672e-02 -1.18591674e-02 ...  2.99604944e-05
   2.99604944e-05  2.99604944e-05]]"
23,"[[ 4.20678407e+00  6.48149481e+00  8.85890129e+00 ... -1.17405005e-03
  -1.17405005e-03 -1.17405005e-03]
 [-2.22386587e-01 -1.67368468e+00 -2.95128739e+00 ...  4.87597467e-04
   4.87597467e-04  4.87597467e-04]
 [-1.04545040e+00 -7.88545890e-01  2.38038895e-02 ...  7.71071336e-04
   7.71071336e-04  7.71071336e-04]
 ...
 [ 4.36937317e-01 -1.28649687e+00 -2.96965046e+00 ...  5.64163882e-04
   5.64163882e-04  5.64163882e-04]
 [-7.21625834e-02 -9.36938824e-01 -1.71584715e+00 ...  4.94879835e-04
   4.94879835e-04  4.94879835e-04]
 [ 3.72391025e-02  4.12716365e-02  4.73655779e-02 ...  1.33962005e-05
   1.33962005e-05  1.33962005e-05]]"
24,"[[ 5.60653317e-01  1.64843860e+00  2.58827381e+00 ...  1.26114351e-03
   1.26114351e-03  1.26114351e-03]
 [ 2.24678102e-01  5.54097928e-01  1.53515697e+00 ... -3.35440604e-04
  -3.35440604e-04 -3.35440604e-04]
 [ 3.08585647e+00  4.67764117e+00  6.41959424e+00 ... -1.03491875e-04
  -1.03491875e-04 -1.03491875e-04]
 ...
 [ 1.54216996e+00  3.30650880e-02 -1.92141461e+00 ... -7.35679866e-04
  -7.35679866e-04 -7.35679866e-04]
 [-3.57378636e+00 -3.62384083e+00 -3.54135671e+00 ... -1.79649348e-04
  -1.79649348e-04 -1.79649348e-04]
 [-1.40593790e-02 -1.27326770e-02 -1.11191206e-02 ... -3.50972763e-06
  -3.50972763e-06 -3.50972763e-06]]"
25,"[[ 9.60649407e-01  3.71022821e-01 -8.54400134e-01 ...  7.02697185e-04
   7.02697185e-04  7.02697185e-04]
 [ 7.10291564e+00  6.14105358e+00  4.33313574e+00 ... -5.07452506e-04
  -5.07452506e-04 -5.07452506e-04]
 [-1.97579243e+00 -9.38950835e-01  1.58551049e-01 ...  1.60296025e-04
   1.60296025e-04  1.60296025e-04]
 ...
 [ 3.49152805e+00  4.53346712e+00  5.50619300e+00 ...  9.38653239e-04
   9.38653239e-04  9.38653239e-04]
 [-5.69908208e+00 -5.48376423e+00 -5.19749637e+00 ...  3.62882429e-04
   3.62882429e-04  3.62882429e-04]
 [-2.67747166e-02 -2.43164199e-02 -2.17345216e-02 ...  5.61074235e-06
   5.61074235e-06  5.61074235e-06]]"
26,"[[-8.91898031e+00 -6.78517588e+00 -1.37566716e+00 ... -5.48755474e-04
  -5.48755474e-04 -5.48755474e-04]
 [-2.20566367e+00 -3.17856374e+00 -3.11412628e+00 ... -9.57656218e-07
  -9.57656218e-07 -9.57656218e-07]
 [-4.57170079e+00 -3.97077943e+00 -1.76798339e+00 ... -1.56590829e-04
  -1.56590829e-04 -1.56590829e-04]
 ...
 [-1.97277270e-01 -7.50462837e-03  6.25847008e-01 ... -5.19132372e-04
  -5.19132372e-04 -5.19132372e-04]
 [ 7.44855745e-01  8.93126757e-01  6.21164420e-01 ...  3.29114214e-04
   3.29114214e-04  3.29114214e-04]
 [-2.56715702e-02 -3.92330137e-02 -4.56972206e-02 ...  2.65278096e-06
   2.65278096e-06  2.65278096e-06]]"
27,"[[-5.38690571e+00 -5.47484494e+00 -5.96424584e+00 ... -1.58403418e-03
  -1.58403418e-03 -1.58403418e-03]
 [-1.51640497e-01 -1.18153928e+00 -2.53011857e+00 ... -1.19047440e-03
  -1.19047440e-03 -1.19047440e-03]
 [-1.83889520e+00 -3.20903821e+00 -4.76385267e+00 ... -5.20715038e-04
  -5.20715038e-04 -5.20715038e-04]
 ...
 [ 3.29332296e-03 -1.30522272e-01 -4.55377237e-01 ... -2.28140078e-04
  -2.28140078e-04 -2.28140078e-04]
 [ 5.66664137e-01  9.43778889e-01  1.64455906e+00 ... -4.92693523e-04
  -4.92693523e-04 -4.92693523e-04]
 [ 7.41787564e-03  7.11461036e-03  5.32534522e-03 ...  8.09401083e-06
   8.09401083e-06  8.09401083e-06]]"
28,"[[ 1.33678894e+01  8.51688570e+00  3.06494057e+00 ... -1.13926848e-03
  -1.13926848e-03 -1.13926848e-03]
 [-2.21064359e+00 -2.38515765e+00 -2.84893476e+00 ... -1.72581750e-03
  -1.72581750e-03 -1.72581750e-03]
 [ 2.56045779e+00  3.02398680e+00  3.23332248e+00 ... -1.66174868e-04
  -1.66174868e-04 -1.66174868e-04]
 ...
 [-1.52371745e+01 -5.64633577e+00  5.14138596e+00 ...  9.01487144e-04
   9.01487144e-04  9.01487144e-04]
 [-6.39057328e-02 -9.24853074e-01 -1.80117447e+00 ...  6.65317769e-04
   6.65317769e-04  6.65317769e-04]
 [-1.68313705e-02 -1.76990600e-02 -2.07026004e-02 ...  1.07041733e-05
   1.07041733e-05  1.07041733e-05]]"
29,"[[-1.60116289e+01 -1.45337645e+01 -1.19733078e+01 ... -1.85104509e-03
  -1.85104509e-03 -1.85104509e-03]
 [-4.45094553e+00 -3.02370817e+00 -1.27891051e+00 ... -1.53307393e-03
  -1.53307393e-03 -1.53307393e-03]
 [ 4.16650789e+00  4.69111591e+00  5.08039511e+00 ... -2.83195850e-04
  -2.83195850e-04 -2.83195850e-04]
 ...
 [-2.76272251e+00 -2.19257921e+00 -1.08998803e+00 ...  1.60865461e-03
   1.60865461e-03  1.60865461e-03]
 [ 2.92192002e+00  2.95480928e+00  3.32916639e+00 ...  5.80266423e-04
   5.80266423e-04  5.80266423e-04]
 [ 1.76153426e-02  1.21305999e-02  3.55804578e-03 ...  4.94767681e-06
   4.94767681e-06  4.94767681e-06]]"
30,"[[-1.25788832e+01 -1.27983851e+01 -1.25173406e+01 ...  4.21486839e-04
   4.21486839e-04  4.21486839e-04]
 [-1.06508339e+01 -1.26152621e+01 -1.40647187e+01 ...  2.85456931e-04
   2.85456931e-04  2.85456931e-04]
 [-8.43520704e+00 -8.98717261e+00 -9.12849713e+00 ...  1.60005035e-03
   1.60005035e-03  1.60005035e-03]
 ...
 [-4.93864567e+00 -7.16427480e+00 -9.54966443e+00 ...  1.57572290e-04
   1.57572290e-04  1.57572290e-04]
 [ 3.70389197e+00  3.53028127e+00  3.17148582e+00 ...  1.96984207e-04
   1.96984207e-04  1.96984207e-04]
 [-2.29110780e-02 -2.19517572e-02 -2.10908282e-02 ...  1.93154803e-06
   1.93154803e-06  1.93154803e-06]]"
31,"[[-1.43574713e+00 -1.69189796e+00 -1.76647352e+00 ...  6.43009384e-04
   6.43009384e-04  6.43009384e-04]
 [ 8.43639808e+00  7.13212597e+00  6.18682784e+00 ... -1.88350530e-03
  -1.88350530e-03 -1.88350530e-03]
 [ 4.91826778e+00  4.90358412e+00  5.04226312e+00 ... -7.57976501e-04
  -7.57976501e-04 -7.57976501e-04]
 ...
 [ 2.77383922e+00  3.52391756e+00  4.43526274e+00 ...  4.24555123e-04
   4.24555123e-04  4.24555123e-04]
 [-1.11260915e+00 -1.10410376e+00 -1.00661900e+00 ... -3.66863508e-04
  -3.66863508e-04 -3.66863508e-04]
 [-2.96158040e-02 -2.88518490e-02 -2.78880903e-02 ...  2.14605936e-06
   2.14605936e-06  2.14605936e-06]]"
32,"[[-8.66989591e+00 -4.89027490e+00 -7.14805306e-01 ... -8.11734188e-04
  -8.11734188e-04 -8.11734188e-04]
 [-1.09615684e+01 -8.09192154e+00 -4.63711849e+00 ... -9.57793545e-05
  -9.57793545e-05 -9.57793545e-05]
 [-1.67320433e+00  1.18234569e+00  4.28539227e+00 ...  8.99811704e-04
   8.99811704e-04  8.99811704e-04]
 ...
 [-4.56911517e+00 -2.85836222e+00 -2.76506443e-01 ...  1.09775326e-03
   1.09775326e-03  1.09775326e-03]
 [-4.11864913e+00 -2.38080900e+00 -1.36668985e-01 ... -6.86415198e-04
  -6.86415198e-04 -6.86415198e-04]
 [ 1.02449311e-03  2.32359080e-03  4.43562078e-03 ... -3.62714580e-06
  -3.62714580e-06 -3.62714580e-06]]"
33,"[[-4.19748061e+00 -1.22649482e+00  2.47669405e+00 ...  1.24800183e-04
   1.24800183e-04  1.24800183e-04]
 [-1.58684172e+00  2.74962822e-01  2.70866977e+00 ...  2.49878080e-04
   2.49878080e-04  2.49878080e-04]
 [ 7.98909461e-01  2.17545144e+00  4.15912289e+00 ...  8.58770886e-04
   8.58770886e-04  8.58770886e-04]
 ...
 [-1.53589380e+00 -1.26889096e+00 -2.02677589e-01 ...  4.96290684e-04
   4.96290684e-04  4.96290684e-04]
 [-4.54172228e+00 -2.22416724e+00  7.83593387e-01 ...  8.95016403e-04
   8.95016403e-04  8.95016403e-04]
 [ 2.95847526e-02  2.87110238e-02  2.82239008e-02 ... -6.04238956e-06
  -6.04238956e-06 -6.04238956e-06]]"
34,"[[-5.19746234e+00 -3.85735530e+00 -2.26371450e+00 ...  9.85914092e-04
   9.85914092e-04  9.85914092e-04]
 [ 1.03643683e+00  1.63788589e+00  2.26128565e+00 ... -1.09939483e-03
  -1.09939483e-03 -1.09939483e-03]
 [-6.57593912e+00 -4.96473026e+00 -3.04924064e+00 ... -9.38912032e-05
  -9.38912032e-05 -9.38912032e-05]
 ...
 [-5.42220159e+00 -4.47162864e+00 -3.08973115e+00 ...  8.75124743e-04
   8.75124743e-04  8.75124743e-04]
 [-2.68781865e+00 -2.52389827e+00 -2.54763846e+00 ...  4.75603265e-04
   4.75603265e-04  4.75603265e-04]
 [ 3.09770272e-02  2.63447655e-02  1.99562723e-02 ...  1.29417868e-06
   1.29417868e-06  1.29417868e-06]]"
35,"[[ 4.72365847e-01  9.29747820e-01  1.25464674e+00 ... -7.87918517e-04
  -7.87918517e-04 -7.87918517e-04]
 [ 2.29479804e+00  2.93616855e+00  3.78704118e+00 ... -5.36533150e-04
  -5.36533150e-04 -5.36533150e-04]
 [ 1.29554382e+00  1.03487859e+00  5.69578984e-01 ... -4.73938201e-04
  -4.73938201e-04 -4.73938201e-04]
 ...
 [-5.19114630e+00 -5.83192184e+00 -6.52382310e+00 ... -1.82703899e-04
  -1.82703899e-04 -1.82703899e-04]
 [ 3.95071932e+00  4.18252870e+00  4.39811143e+00 ... -8.52912184e-05
  -8.52912184e-05 -8.52912184e-05]
 [ 8.89848128e-02  1.09915538e-01  1.33294916e-01 ...  9.45723659e-07
   9.45723659e-07  9.45723659e-07]]"
36,"[[-3.27108187e+00 -2.65683221e+00 -1.81211366e+00 ... -4.27866026e-04
  -4.27866026e-04 -4.27866026e-04]
 [-4.61398161e+00 -4.28182720e+00 -4.02487756e+00 ... -3.77758450e-04
  -3.77758450e-04 -3.77758450e-04]
 [-5.52809485e+00 -4.16933996e+00 -2.57126529e+00 ...  8.63301900e-04
   8.63301900e-04  8.63301900e-04]
 ...
 [-1.95640918e+00 -1.40599877e+00 -1.16387450e+00 ...  2.92772717e-04
   2.92772717e-04  2.92772717e-04]
 [ 1.71974630e+00  1.17121695e+00  1.77485873e-01 ... -4.67253376e-04
  -4.67253376e-04 -4.67253376e-04]
 [-2.18061043e-02 -3.49781611e-02 -4.89177883e-02 ...  1.11984436e-06
   1.11984436e-06  1.11984436e-06]]"
37,"[[-7.76330349e-01 -1.28944839e+00 -1.96760441e+00 ...  9.82705425e-05
   9.82705425e-05  9.82705425e-05]
 [ 1.98202019e+00  2.42091521e-01 -1.93989219e+00 ... -1.54644541e-04
  -1.54644541e-04 -1.54644541e-04]
 [ 3.78151398e+00  4.05186266e+00  4.39390602e+00 ...  3.66532692e-04
   3.66532692e-04  3.66532692e-04]
 ...
 [-3.31883027e+00 -3.16955017e+00 -2.37975432e+00 ... -8.19780270e-04
  -8.19780270e-04 -8.19780270e-04]
 [ 6.32411581e-02  8.17749621e-02 -3.40613131e-02 ...  7.99048447e-05
   7.99048447e-05  7.99048447e-05]
 [-3.90262148e-02 -4.25888023e-02 -4.49724973e-02 ...  6.78988327e-06
   6.78988327e-06  6.78988327e-06]]"
38,"[[-2.69668599e+00 -2.39110666e+00 -1.72875958e+00 ...  7.88399176e-04
   7.88399176e-04  7.88399176e-04]
 [ 8.04932892e-01  3.28757458e-01  4.63765053e-01 ... -1.46381903e-03
  -1.46381903e-03 -1.46381903e-03]
 [-4.34071141e+00 -4.57468697e+00 -4.34612125e+00 ...  6.84892653e-04
   6.84892653e-04  6.84892653e-04]
 ...
 [-6.73904082e+00 -7.51437051e+00 -8.03526383e+00 ...  5.17456779e-04
   5.17456779e-04  5.17456779e-04]
 [-6.55431686e-01 -9.69865595e-01 -8.55072263e-01 ... -1.82793317e-04
  -1.82793317e-04 -1.82793317e-04]
 [-9.72116750e-03 -1.16390747e-02 -1.50063095e-02 ...  1.00320745e-05
   1.00320745e-05  1.00320745e-05]]"
39,"[[ 3.76723832e+00  3.17250313e+00  2.94676933e+00 ...  3.49202716e-04
   3.49202716e-04  3.49202716e-04]
 [ 3.16255396e+00  7.50771270e-01 -1.49871504e+00 ... -3.22536049e-05
  -3.22536049e-05 -3.22536049e-05]
 [ 3.73464683e+00  3.34478202e+00  3.04498499e+00 ... -5.92571298e-04
  -5.92571298e-04 -5.92571298e-04]
 ...
 [ 5.33488081e+00  4.36737755e+00  2.88115895e+00 ...  5.66727855e-04
   5.66727855e-04  5.66727855e-04]
 [-7.09069886e+00 -6.19292093e+00 -4.61420363e+00 ... -2.99961089e-04
  -2.99961089e-04 -2.99961089e-04]
 [-7.63671830e-03 -6.14727819e-03 -2.94100252e-03 ...  3.76839857e-06
   3.76839857e-06  3.76839857e-06]]"
40,"[[-1.05714274e+00 -9.57450415e-01 -9.80679694e-01 ... -2.10542458e-04
  -2.10542458e-04 -2.10542458e-04]
 [-8.76687435e+00 -9.39434193e+00 -9.01196299e+00 ... -6.33588769e-04
  -6.33588769e-04 -6.33588769e-04]
 [-5.27348933e+00 -5.07078448e+00 -4.60122767e+00 ... -5.97329366e-04
  -5.97329366e-04 -5.97329366e-04]
 ...
 [-1.70955417e-01 -2.06467934e-01 -6.52911008e-01 ...  1.53395285e-03
   1.53395285e-03  1.53395285e-03]
 [-9.08511536e-01 -2.34931617e-01  6.99577157e-01 ...  1.54444190e-04
   1.54444190e-04  1.54444190e-04]
 [-2.37450610e-03 -1.99355256e-03  1.28027314e-05 ...  1.04280156e-07
   1.04280156e-07  1.04280156e-07]]"
41,"[[-1.52892306e+00 -1.27676297e+00 -1.15412773e+00 ... -8.05333028e-04
  -8.05333028e-04 -8.05333028e-04]
 [ 6.09158914e+00  8.28891223e+00  1.04567527e+01 ... -9.09712062e-04
  -9.09712062e-04 -9.09712062e-04]
 [ 6.47287521e+00  6.03317016e+00  5.92816597e+00 ...  6.79439078e-04
   6.79439078e-04  6.79439078e-04]
 ...
 [ 1.01290816e+01  8.01658741e+00  5.72872065e+00 ...  1.03015839e-03
   1.03015839e-03  1.03015839e-03]
 [-1.59823583e+00 -2.26630012e+00 -3.34453623e+00 ...  6.97457694e-04
   6.97457694e-04  6.97457694e-04]
 [-6.09440909e-03 -9.94663310e-03 -1.32884863e-02 ...  7.08781567e-07
   7.08781567e-07  7.08781567e-07]]"
42,"[[ 1.52761361e-01 -3.73844498e-02 -1.88762668e-01 ... -4.62933089e-04
  -4.62933089e-04 -4.62933089e-04]
 [-4.07021428e+00 -3.88877081e+00 -3.40044146e+00 ...  2.18366827e-03
   2.18366827e-03  2.18366827e-03]
 [-1.89874867e+00 -2.34138236e+00 -2.86167108e+00 ...  1.21114351e-03
   1.21114351e-03  1.21114351e-03]
 ...
 [-4.87433915e+00 -5.16487836e+00 -5.41633921e+00 ...  2.63242847e-04
   2.63242847e-04  2.63242847e-04]
 [ 3.61022619e+00  3.54180639e+00  3.45735070e+00 ... -1.05657359e-03
  -1.05657359e-03 -1.05657359e-03]
 [-1.50583797e-02 -1.59637492e-02 -1.74096378e-02 ...  8.59056992e-06
   8.59056992e-06  8.59056992e-06]]"
43,"[[-1.53116506e+00 -1.40125275e+00 -1.27134043e+00 ... -3.42640726e-04
  -3.42640726e-04 -3.42640726e-04]
 [-2.69458128e+00 -3.04619804e+00 -3.53251377e+00 ... -6.02068666e-04
  -6.02068666e-04 -6.02068666e-04]
 [ 3.06502113e-01  8.33743670e-01  1.32997102e+00 ... -8.20505074e-04
  -8.20505074e-04 -8.20505074e-04]
 ...
 [-4.77617826e-01  3.67129557e-01  1.20937769e+00 ...  9.89049516e-04
   9.89049516e-04  9.89049516e-04]
 [ 6.11447699e-01  3.28550376e-01 -1.18160181e-01 ... -2.37888151e-04
  -2.37888151e-04 -2.37888151e-04]
 [-4.27939441e-02 -4.41889620e-02 -4.54757458e-02 ...  6.64911879e-06
   6.64911879e-06  6.64911879e-06]]"
44,"[[-1.02514139e+01 -1.14979023e+01 -1.23342044e+01 ... -7.39625391e-04
  -7.39625391e-04 -7.39625391e-04]
 [-2.41208696e+00 -6.56088731e+00 -1.07667410e+01 ... -1.21849271e-03
  -1.21849271e-03 -1.21849271e-03]
 [-5.72706818e+00 -4.70195514e+00 -3.34392757e+00 ...  5.05008011e-05
   5.05008011e-05  5.05008011e-05]
 ...
 [-5.19830999e+00 -6.43690342e+00 -7.60369433e+00 ...  1.92298009e-04
   1.92298009e-04  1.92298009e-04]
 [ 5.49466895e-01 -2.38169853e+00 -5.77085856e+00 ...  6.36701305e-04
   6.36701305e-04  6.36701305e-04]
 [ 2.52090554e-02  4.50508105e-02  7.07894884e-02 ...  1.17823301e-05
   1.17823301e-05  1.17823301e-05]]"
45,"[[ 1.23770019e+00  2.40421769e+00  3.34741540e+00 ...  2.45805753e-04
   2.45805753e-04  2.45805753e-04]
 [ 2.82720443e+00  2.66625877e+00  1.75618422e+00 ... -2.51290822e-03
  -2.51290822e-03 -2.51290822e-03]
 [ 4.85141347e+00  4.87874260e+00  4.30626920e+00 ... -2.26661936e-04
  -2.26661936e-04 -2.26661936e-04]
 ...
 [-1.46872960e+00 -1.04542325e+00 -8.69655908e-01 ...  3.92437629e-04
   3.92437629e-04  3.92437629e-04]
 [ 2.14526378e+00  1.39602321e+00  2.23298833e-01 ...  4.51586938e-04
   4.51586938e-04  4.51586938e-04]
 [ 4.04322957e-02  3.35612240e-02  2.21380674e-02 ...  7.49086748e-06
   7.49086748e-06  7.49086748e-06]]"
46,"[[-6.03736799e+00 -4.96717309e+00 -3.67508769e+00 ... -2.39797513e-04
  -2.39797513e-04 -2.39797513e-04]
 [-1.03425929e+01 -9.76787743e+00 -9.26374101e+00 ... -1.74678416e-03
  -1.74678416e-03 -1.74678416e-03]
 [-3.77248701e-01  6.73920146e-02  4.23395202e-01 ...  5.50599832e-04
   5.50599832e-04  5.50599832e-04]
 ...
 [-4.66873400e+00 -4.40457889e+00 -4.23853854e+00 ... -1.99386313e-03
  -1.99386313e-03 -1.99386313e-03]
 [ 2.22062461e+00  1.27159051e+00 -4.06826372e-02 ...  2.53827420e-04
   2.53827420e-04  2.53827420e-04]
 [ 7.28843055e-02  3.83244547e-02 -8.64781967e-03 ...  6.82188144e-06
   6.82188144e-06  6.82188144e-06]]"
47,"[[ 3.13335720e+00  2.46351632e+00  1.46924311e+00 ... -4.91262989e-04
  -4.91262989e-04 -4.91262989e-04]
 [ 1.69857756e+00  1.96965166e+00  2.40406530e+00 ... -8.48579690e-04
  -8.48579690e-04 -8.48579690e-04]
 [-1.68754970e+00 -1.29099649e+00 -8.28351084e-01 ...  2.49292744e-04
   2.49292744e-04  2.49292744e-04]
 ...
 [-3.44907961e+00 -2.94214209e+00 -2.33934139e+00 ...  3.70210575e-04
   3.70210575e-04  3.70210575e-04]
 [-1.93322954e+00 -1.99554144e+00 -2.02496651e+00 ...  1.70398871e-04
   1.70398871e-04  1.70398871e-04]
 [ 2.83019166e-02  2.38006297e-02  1.78364245e-02 ...  5.19005112e-06
   5.19005112e-06  5.19005112e-06]]"
48,"[[-3.69516615e+00 -2.97845203e+00 -2.24015943e+00 ...  9.20817121e-04
   9.20817121e-04  9.20817121e-04]
 [-6.99294497e+00 -5.28631301e+00 -3.51267703e+00 ...  1.07562982e-04
   1.07562982e-04  1.07562982e-04]
 [-7.09063937e+00 -6.10274917e+00 -5.05890768e+00 ... -5.60192874e-04
  -5.60192874e-04 -5.60192874e-04]
 ...
 [ 2.33220374e+00  3.50255592e+00  4.72716285e+00 ...  8.00174258e-04
   8.00174258e-04  8.00174258e-04]
 [ 2.82660887e-01  4.43662194e+00  8.33309821e+00 ...  4.72773938e-04
   4.72773938e-04  4.72773938e-04]
 [-2.15393183e-02 -2.12547160e-02 -2.08278127e-02 ... -4.41522850e-06
  -4.41522850e-06 -4.41522850e-06]]"
49,"[[ 9.07344159e+00  7.55666360e+00  5.53500007e+00 ...  3.51429618e-04
   3.51429618e-04  3.51429618e-04]
 [ 6.39728171e-01 -2.62313033e+00 -6.42578225e+00 ... -3.12610056e-04
  -3.12610056e-04 -3.12610056e-04]
 [ 7.19754978e+00  5.14071442e+00  2.58290937e+00 ... -3.14854658e-04
  -3.14854658e-04 -3.14854658e-04]
 ...
 [-6.36781875e-01 -1.40090284e+00 -2.53866887e+00 ...  5.46626688e-04
   5.46626688e-04  5.46626688e-04]
 [ 5.01219532e+00  1.99646141e+00 -1.01328693e+00 ...  2.71013046e-04
   2.71013046e-04  2.71013046e-04]
 [ 7.38041463e-02  6.48336000e-02  5.29133790e-02 ... -4.00622568e-06
  -4.00622568e-06 -4.00622568e-06]]"
50,"[[ 9.53742560e+00  1.08791622e+01  1.22551768e+01 ... -1.63627832e-03
  -1.63627832e-03 -1.63627832e-03]
 [-5.72524488e+00 -4.91023077e+00 -3.91170355e+00 ... -1.25507042e-03
  -1.25507042e-03 -1.25507042e-03]
 [ 7.65191285e+00  9.35499807e+00  1.10680818e+01 ... -3.05682765e-04
  -3.05682765e-04 -3.05682765e-04]
 ...
 [ 1.11763143e+01  1.37665024e+01  1.68705429e+01 ...  1.76845960e-03
   1.76845960e-03  1.76845960e-03]
 [-2.00205003e-01 -4.94455659e-01 -6.58138500e-01 ... -5.68706493e-04
  -5.68706493e-04 -5.68706493e-04]
 [-3.21451628e-02 -3.24076174e-02 -3.32887152e-02 ...  5.53279927e-06
   5.53279927e-06  5.53279927e-06]]"
51,"[[ 3.85472391e+00  4.25130884e+00  4.86192373e+00 ... -2.01205081e-03
  -2.01205081e-03 -2.01205081e-03]
 [ 1.39698261e+01  1.46832186e+01  1.55511365e+01 ... -1.84977432e-03
  -1.84977432e-03 -1.84977432e-03]
 [ 3.10475539e+00  2.98924151e+00  3.10869337e+00 ... -9.93000229e-04
  -9.93000229e-04 -9.93000229e-04]
 ...
 [ 4.96118650e-01 -1.14201059e+00 -3.20086155e+00 ...  2.04115358e-04
   2.04115358e-04  2.04115358e-04]
 [ 7.48314403e+00  8.08146746e+00  8.73734773e+00 ...  7.54806744e-04
   7.54806744e-04  7.54806744e-04]
 [ 7.56485051e-02  7.06742702e-02  6.34709177e-02 ...  2.98336767e-06
   2.98336767e-06  2.98336767e-06]]"
52,"[[-2.09358200e+00 -2.01631664e+00 -1.62413641e+00 ... -3.93169604e-04
  -3.93169604e-04 -3.93169604e-04]
 [-2.89894796e+00 -2.41963085e+00 -1.71740240e+00 ... -1.10062715e-03
  -1.10062715e-03 -1.10062715e-03]
 [ 7.70793316e-01  9.37945277e-01  1.25401444e+00 ...  8.81250629e-04
   8.81250629e-04  8.81250629e-04]
 ...
 [ 9.97537630e+00  1.06458556e+01  1.06314539e+01 ... -2.04199741e-04
  -2.04199741e-04 -2.04199741e-04]
 [ 9.42228405e-01  6.49431900e-01  3.80828326e-01 ... -5.52631418e-05
  -5.52631418e-05 -5.52631418e-05]
 [-1.14151160e-02 -1.21772140e-02 -1.30345743e-02 ... -7.46070039e-06
  -7.46070039e-06 -7.46070039e-06]]"
53,"[[-2.43540395e+00 -3.00244263e+00 -3.54789853e+00 ... -4.73140764e-04
  -4.73140764e-04 -4.73140764e-04]
 [ 2.78136770e-01 -2.29123603e-01 -8.31907033e-01 ... -1.84460456e-03
  -1.84460456e-03 -1.84460456e-03]
 [ 4.19824565e-01  2.80208347e-01  2.37775967e-01 ... -3.92875257e-04
  -3.92875257e-04 -3.92875257e-04]
 ...
 [ 6.10186979e+00  4.27837499e+00  1.51495411e+00 ... -8.04531929e-06
  -8.04531929e-06 -8.04531929e-06]
 [-4.60945220e-01 -2.38603007e-01  2.80509534e-01 ... -2.44616770e-04
  -2.44616770e-04 -2.44616770e-04]
 [-1.20705645e-02 -1.27246161e-02 -1.35888985e-02 ... -1.73289082e-05
  -1.73289082e-05 -1.73289082e-05]]"
54,"[[ 3.76353507e+00  2.61422140e+00  1.69343920e+00 ... -1.68753048e-03
  -1.68753048e-03 -1.68753048e-03]
 [-2.09294385e+00 -1.88215958e+00 -1.65017216e+00 ... -6.80521859e-05
  -6.80521859e-05 -6.80521859e-05]
 [-9.39808186e-01 -2.41566844e+00 -3.56301494e+00 ...  1.60433326e-03
   1.60433326e-03  1.60433326e-03]
 ...
 [-6.76195241e+00 -8.79631951e+00 -1.05400627e+01 ...  3.68908370e-04
   3.68908370e-04  3.68908370e-04]
 [ 4.14313912e-01  1.70880056e-01 -1.27303793e-01 ...  2.95365530e-04
   2.95365530e-04  2.95365530e-04]
 [ 2.16102722e-02  1.95742336e-02  1.64027118e-02 ... -3.06102083e-06
  -3.06102083e-06 -3.06102083e-06]]"
55,"[[-3.35202700e+00 -1.63046530e+00  1.14356887e+00 ... -4.76032959e-04
  -4.76032959e-04 -4.76032959e-04]
 [-2.70934285e+00 -1.96012024e+00 -8.80805362e-01 ... -1.97343709e-04
  -1.97343709e-04 -1.97343709e-04]
 [-4.96779337e+00 -3.97145385e+00 -2.56734094e+00 ... -6.11974060e-04
  -6.11974060e-04 -6.11974060e-04]
 ...
 [-5.08495968e+00 -4.55075389e+00 -3.82067263e+00 ... -4.16318303e-04
  -4.16318303e-04 -4.16318303e-04]
 [ 5.03780285e+00  4.99582907e+00  4.81099717e+00 ...  2.13003738e-04
   2.13003738e-04  2.13003738e-04]
 [-4.51932436e-01 -4.51590717e-01 -4.35444514e-01 ... -9.59630732e-06
  -9.59630732e-06 -9.59630732e-06]]"
56,"[[-5.14144586e+00 -2.22285753e+00  1.08984235e+00 ... -1.17378851e-03
  -1.17378851e-03 -1.17378851e-03]
 [-3.19411597e+00 -4.59426329e-01  2.71535348e+00 ...  3.69368276e-04
   3.69368276e-04  3.69368276e-04]
 [-4.26249036e+00 -3.12064805e+00 -1.83364129e+00 ...  3.87609827e-04
   3.87609827e-04  3.87609827e-04]
 ...
 [-4.23391426e+00 -2.03225861e+00  4.04841447e-01 ...  1.58028656e-03
   1.58028656e-03  1.58028656e-03]
 [ 1.42565586e+00 -6.55057252e-02 -1.92399869e+00 ...  4.87758602e-04
   4.87758602e-04  4.87758602e-04]
 [ 2.88708466e-02  2.92626690e-02  2.90159660e-02 ...  6.59754330e-06
   6.59754330e-06  6.59754330e-06]]"
57,"[[-6.96295626e+00  4.85037661e-01  7.33741199e+00 ...  1.21128405e-03
   1.21128405e-03  1.21128405e-03]
 [ 1.67083524e+00  4.99043060e+00  8.45539626e+00 ... -3.22270542e-06
  -3.22270542e-06 -3.22270542e-06]
 [ 2.46879610e-01 -3.62488757e-01 -1.51902154e+00 ...  3.67642786e-04
   3.67642786e-04  3.67642786e-04]
 ...
 [ 3.60746006e+00  2.74550571e+00  1.59951220e+00 ... -2.06214694e-04
  -2.06214694e-04 -2.06214694e-04]
 [ 2.53555159e-01 -5.27813470e-01 -1.49652779e+00 ... -4.69398032e-05
  -4.69398032e-05 -4.69398032e-05]
 [ 3.26087745e-03  1.88170941e-03  4.47057588e-04 ... -4.73884184e-06
  -4.73884184e-06 -4.73884184e-06]]"
58,"[[-1.02667705e+00 -2.01164543e+00 -3.33848840e+00 ... -1.05330648e-03
  -1.05330648e-03 -1.05330648e-03]
 [-1.70669024e+00 -2.69937518e+00 -3.95015820e+00 ... -7.99349966e-04
  -7.99349966e-04 -7.99349966e-04]
 [-5.39224994e+00 -6.46361591e+00 -7.90840404e+00 ...  1.43919585e-04
   1.43919585e-04  1.43919585e-04]
 ...
 [-1.96288895e+00 -1.21737090e+00  5.77377147e-02 ...  9.14692607e-04
   9.14692607e-04  9.14692607e-04]
 [-2.81811117e+00 -2.72540051e+00 -2.52404456e+00 ...  1.47823148e-04
   1.47823148e-04  1.47823148e-04]
 [-3.04171948e-02 -3.43906492e-02 -3.89971624e-02 ...  1.00375219e-05
   1.00375219e-05  1.00375219e-05]]"
59,"[[ 2.89135003e+00  3.70806839e+00  4.54542192e+00 ... -8.32133211e-04
  -8.32133211e-04 -8.32133211e-04]
 [ 1.01452551e+01  9.83661030e+00  9.12975868e+00 ... -6.34982834e-05
  -6.34982834e-05 -6.34982834e-05]
 [ 6.20202229e+00  6.37991675e+00  6.41708872e+00 ... -3.87609979e-04
  -3.87609979e-04 -3.87609979e-04]
 ...
 [ 2.55467588e+00  2.06071536e+00  1.54075693e+00 ...  1.67996246e-03
   1.67996246e-03  1.67996246e-03]
 [ 2.79867279e+00  3.06091821e+00  3.27476020e+00 ...  6.65947204e-04
   6.65947204e-04  6.65947204e-04]
 [-8.60494209e-03 -6.24460719e-03 -3.95094841e-03 ...  9.61355001e-06
   9.61355001e-06  9.61355001e-06]]"
60,"[[-7.11168082e-01 -1.40074597e+00 -2.15031783e+00 ...  2.89961700e-04
   2.89961700e-04  2.89961700e-04]
 [-2.99175668e-01 -1.36388268e+00 -2.33803035e+00 ...  4.31869078e-04
   4.31869078e-04  4.31869078e-04]
 [ 3.27763080e+00  1.88433335e+00  1.20810908e-01 ... -1.64019837e-04
  -1.64019837e-04 -1.64019837e-04]
 ...
 [ 1.13779571e+01  1.07619321e+01  9.71276454e+00 ...  7.45315633e-04
   7.45315633e-04  7.45315633e-04]
 [-3.84566003e+00 -3.81460110e+00 -3.34936427e+00 ... -1.76741894e-04
  -1.76741894e-04 -1.76741894e-04]
 [-3.88338578e-02 -4.12289040e-02 -4.53694923e-02 ...  1.07191577e-06
   1.07191577e-06  1.07191577e-06]]"
61,"[[-7.60044607e+00 -6.94208722e+00 -6.10672280e+00 ...  6.06131380e-04
   6.06131380e-04  6.06131380e-04]
 [-7.43330281e+00 -6.82183750e+00 -6.12792743e+00 ... -9.07624781e-04
  -9.07624781e-04 -9.07624781e-04]
 [-5.29807620e+00 -5.49402382e+00 -5.59348961e+00 ...  4.66803540e-04
   4.66803540e-04  4.66803540e-04]
 ...
 [-4.32490400e+00 -3.87884845e+00 -3.69621153e+00 ... -1.32619516e-03
  -1.32619516e-03 -1.32619516e-03]
 [ 1.26750426e+00  1.19127385e+00  1.07815775e+00 ...  2.76122683e-04
   2.76122683e-04  2.76122683e-04]
 [-7.02636050e-02 -7.28841900e-02 -7.43675399e-02 ...  1.42200046e-05
   1.42200046e-05  1.42200046e-05]]"
62,"[[-6.16069802e+00 -6.74122529e+00 -7.46047293e+00 ...  1.18453651e-04
   1.18453651e-04  1.18453651e-04]
 [-1.03828835e+01 -1.06248148e+01 -1.09890266e+01 ... -8.74234836e-04
  -8.74234836e-04 -8.74234836e-04]
 [ 5.05999577e-01  8.20061277e-02 -7.36323199e-01 ...  7.22409400e-04
   7.22409400e-04  7.22409400e-04]
 ...
 [-3.51912266e+00 -1.28318668e+00  1.11505945e+00 ... -1.39162554e-03
  -1.39162554e-03 -1.39162554e-03]
 [ 5.73945571e-01 -9.21081305e-01 -2.24353521e+00 ... -8.66193637e-05
  -8.66193637e-05 -8.66193637e-05]
 [-5.30524830e-02 -7.41617943e-02 -9.77625651e-02 ...  5.19006638e-06
   5.19006638e-06  5.19006638e-06]]"
63,"[[-8.88799034e+00 -8.66151394e+00 -8.20448049e+00 ...  1.71838849e-03
   1.71838849e-03  1.71838849e-03]
 [-5.31539921e-01  1.44723131e-01  1.09393573e+00 ... -1.93632593e-03
  -1.93632593e-03 -1.93632593e-03]
 [-5.54398339e+00 -4.49259366e+00 -3.55975250e+00 ... -1.35214878e-03
  -1.35214878e-03 -1.35214878e-03]
 ...
 [-4.90974855e+00 -6.74391019e+00 -8.90462299e+00 ...  2.51306935e-04
   2.51306935e-04  2.51306935e-04]
 [ 1.24781495e+00  4.58142634e-01 -1.48836843e-01 ... -8.69382773e-05
  -8.69382773e-05 -8.69382773e-05]
 [ 2.50472203e-03  2.61879292e-03  1.90992380e-03 ...  3.31029221e-06
   3.31029221e-06  3.31029221e-06]]"
64,"[[ 7.02550771e-01  1.71021025e+00  3.03008637e+00 ... -7.82019532e-04
  -7.82019532e-04 -7.82019532e-04]
 [ 1.64394421e+00  1.71030557e+00  1.75624804e+00 ...  2.24495308e-04
   2.24495308e-04  2.24495308e-04]
 [-2.86619973e+00 -3.16253101e+00 -3.53383767e+00 ...  7.16121157e-04
   7.16121157e-04  7.16121157e-04]
 ...
 [-8.57659509e+00 -9.27001173e+00 -1.00155650e+01 ...  1.61178515e-03
   1.61178515e-03  1.61178515e-03]
 [ 3.91294393e+00  2.81311621e+00  1.25352445e+00 ...  4.42044709e-04
   4.42044709e-04  4.42044709e-04]
 [ 1.51092187e-01  8.54235605e-02 -3.40611850e-03 ...  1.71789731e-05
   1.71789731e-05  1.71789731e-05]]"
65,"[[ 1.44002676e+01  1.40320694e+01  1.33164843e+01 ... -1.08271000e-03
  -1.08271000e-03 -1.08271000e-03]
 [ 1.90952880e+01  1.81193059e+01  1.64413725e+01 ... -4.84486152e-04
  -4.84486152e-04 -4.84486152e-04]
 [ 3.57746031e+00  3.44479506e+00  3.55966375e+00 ... -1.26574899e-03
  -1.26574899e-03 -1.26574899e-03]
 ...
 [ 3.31666358e+00  2.03068354e+00  7.03331492e-01 ...  7.28999771e-06
   7.28999771e-06  7.28999771e-06]
 [ 1.29600710e-01  8.97545434e-02 -2.42732319e-01 ...  2.63973449e-04
   2.63973449e-04  2.63973449e-04]
 [-9.42667081e-02 -9.24291634e-02 -9.10803274e-02 ...  1.49752956e-05
   1.49752956e-05  1.49752956e-05]]"
66,"[[ 1.25387199e+00  3.54720674e+00  6.24332420e+00 ... -5.50909590e-04
  -5.50909590e-04 -5.50909590e-04]
 [ 2.94181747e+00  5.10127810e+00  7.52885155e+00 ... -1.44353399e-04
  -1.44353399e-04 -1.44353399e-04]
 [ 2.02452045e+00  4.71829868e+00  7.77541297e+00 ... -4.41710536e-04
  -4.41710536e-04 -4.41710536e-04]
 ...
 [ 2.56735885e-01  2.99013530e+00  6.23819777e+00 ...  9.00471504e-04
   9.00471504e-04  9.00471504e-04]
 [-4.43496462e+00 -6.67314406e+00 -9.28495798e+00 ... -9.26817121e-04
  -9.26817121e-04 -9.26817121e-04]
 [ 3.57122623e-03  3.14291728e-03  2.80698869e-03 ... -6.41322957e-06
  -6.41322957e-06 -6.41322957e-06]]"
67,"[[-2.10173794e+00 -2.29264245e+00 -2.48559970e+00 ...  2.64448768e-04
   2.64448768e-04  2.64448768e-04]
 [-2.36589987e+00 -2.30514548e+00 -2.11528801e+00 ...  2.66644846e-04
   2.66644846e-04  2.66644846e-04]
 [-5.97130509e+00 -5.79132299e+00 -5.42933651e+00 ... -5.50416114e-04
  -5.50416114e-04 -5.50416114e-04]
 ...
 [-5.32090582e+00 -5.05511664e+00 -4.51449015e+00 ...  5.32818341e-04
   5.32818341e-04  5.32818341e-04]
 [ 2.01616836e+00  2.17133058e+00  2.28486391e+00 ...  5.63607233e-06
   5.63607233e-06  5.63607233e-06]
 [-1.25820785e-02 -1.32389516e-02 -1.41279954e-02 ... -5.22331579e-06
  -5.22331579e-06 -5.22331579e-06]]"
68,"[[ 4.77204256e+00  5.45652026e+00  6.09626971e+00 ... -3.25732815e-04
  -3.25732815e-04 -3.25732815e-04]
 [-1.02876510e+00 -2.26175071e+00 -4.02315873e+00 ... -7.12536355e-04
  -7.12536355e-04 -7.12536355e-04]
 [ 1.57965016e+00  1.30349955e+00  5.91321661e-01 ... -1.35245441e-03
  -1.35245441e-03 -1.35245441e-03]
 ...
 [-2.14296212e-01  1.78672699e+00  3.78359869e+00 ...  1.58181018e-03
   1.58181018e-03  1.58181018e-03]
 [ 3.88148063e+00  4.16993413e+00  4.01446893e+00 ... -1.40320668e-03
  -1.40320668e-03 -1.40320668e-03]
 [-2.33107751e-02 -1.92034626e-02 -1.47422319e-02 ...  1.25061418e-06
   1.25061418e-06  1.25061418e-06]]"
69,"[[-4.91320757e+00 -4.77725742e+00 -4.53842609e+00 ...  5.94041352e-04
   5.94041352e-04  5.94041352e-04]
 [-6.40737122e+00 -6.16957581e+00 -5.43421935e+00 ...  1.81236133e-04
   1.81236133e-04  1.81236133e-04]
 [ 5.35351688e+00  5.39712526e+00  5.47188248e+00 ...  5.88280156e-04
   5.88280156e-04  5.88280156e-04]
 ...
 [ 1.73860726e+01  1.76591619e+01  1.73597341e+01 ...  1.23840558e-03
   1.23840558e-03  1.23840558e-03]
 [ 2.07505227e+00  1.46921558e+00  5.43734997e-01 ...  3.40372320e-04
   3.40372320e-04  3.40372320e-04]
 [-1.99817676e-02 -2.12216198e-02 -2.27575561e-02 ...  3.90966659e-06
   3.90966659e-06  3.90966659e-06]]"
70,"[[ 1.29711707e-01  6.15696038e-01  1.18720275e+00 ...  7.49384604e-04
   7.49384604e-04  7.49384604e-04]
 [ 2.86961355e+00  2.27106783e+00  1.20223617e+00 ... -5.55717403e-04
  -5.55717403e-04 -5.55717403e-04]
 [ 1.01357216e+00 -1.27334108e-02 -1.19693215e+00 ... -4.52831312e-04
  -4.52831312e-04 -4.52831312e-04]
 ...
 [-7.00239891e+00 -7.10074615e+00 -7.19545089e+00 ... -1.53260700e-03
  -1.53260700e-03 -1.53260700e-03]
 [ 5.91666877e+00  4.03021801e+00  1.54639118e+00 ...  5.49590295e-04
   5.49590295e-04  5.49590295e-04]
 [-1.24170085e-02 -1.18682170e-02 -1.09203044e-02 ...  5.63515679e-06
   5.63515679e-06  5.63515679e-06]]"
71,"[[-6.75586520e+00 -4.91646251e+00 -2.91578878e+00 ... -7.38700542e-04
  -7.38700542e-04 -7.38700542e-04]
 [-4.13751946e-01  1.42501038e+00  3.50910792e+00 ... -6.87569696e-04
  -6.87569696e-04 -6.87569696e-04]
 [-4.40808897e+00 -2.67218733e+00 -6.18538759e-01 ...  2.31575189e-04
   2.31575189e-04  2.31575189e-04]
 ...
 [ 3.44808437e+00  3.12616325e+00  2.60351482e+00 ... -8.90225681e-04
  -8.90225681e-04 -8.90225681e-04]
 [-5.61900435e-01 -1.26583944e+00 -1.01887930e+00 ...  4.29846647e-04
   4.29846647e-04  4.29846647e-04]
 [ 1.24103139e-02  1.01203995e-02  7.77211476e-03 ... -1.24101625e-07
  -1.24101625e-07 -1.24101625e-07]]"
